firstName,lastName,email
User1,Last1,user1@example.com
User2,Last2,user2@example.com
User3,Last3,user3@example.com
User4,Last4,user4@example.com
User5,Last5,user5@example.com
User6,Last6,user6@example.com
User7,Last7,user7@example.com
User8,Last8,user8@example.com
User9,Last9,user9@example.com
User10,Last10,user10@example.com
User11,Last11,user11@example.com
User12,Last12,user12@example.com
User13,Last13,user13@example.com
User14,Last14,user14@example.com
User15,Last15,user15@example.com
User16,Last16,user16@example.com
User17,Last17,user17@example.com
User18,Last18,user18@example.com
User19,Last19,user19@example.com
User20,Last20,user20@example.com
User21,Last21,user21@example.com
User22,Last22,user22@example.com
User23,Last23,user23@example.com
User24,Last24,user24@example.com
User25,Last25,user25@example.com
User26,Last26,user26@example.com
User27,Last27,user27@example.com
User28,Last28,user28@example.com
User29,Last29,user29@example.com
User30,Last30,user30@example.com
User31,Last31,user31@example.com
User32,Last32,user32@example.com
User33,Last33,user33@example.com
User34,Last34,user34@example.com
User35,Last35,user35@example.com
User36,Last36,user36@example.com
User37,Last37,user37@example.com
User38,Last38,user38@example.com
User39,Last39,user39@example.com
User40,Last40,user40@example.com
User41,Last41,user41@example.com
User42,Last42,user42@example.com
User43,Last43,user43@example.com
User44,Last44,user44@example.com
User45,Last45,user45@example.com
User46,Last46,user46@example.com
User47,Last47,user47@example.com
User48,Last48,user48@example.com
User49,Last49,user49@example.com
User50,Last50,user50@example.com
User51,Last51,user51@example.com
User52,Last52,user52@example.com
User53,Last53,user53@example.com
User54,Last54,user54@example.com
User55,Last55,user55@example.com
User56,Last56,user56@example.com
User57,Last57,user57@example.com
User58,Last58,user58@example.com
User59,Last59,user59@example.com
User60,Last60,user60@example.com
User61,Last61,user61@example.com
User62,Last62,user62@example.com
User63,Last63,user63@example.com
User64,Last64,user64@example.com
User65,Last65,user65@example.com
User66,Last66,user66@example.com
User67,Last67,user67@example.com
User68,Last68,user68@example.com
User69,Last69,user69@example.com
User70,Last70,user70@example.com
User71,Last71,user71@example.com
User72,Last72,user72@example.com
User73,Last73,user73@example.com
User74,Last74,user74@example.com
User75,Last75,user75@example.com
User76,Last76,user76@example.com
User77,Last77,user77@example.com
User78,Last78,user78@example.com
User79,Last79,user79@example.com
User80,Last80,user80@example.com
User81,Last81,user81@example.com
User82,Last82,user82@example.com
User83,Last83,user83@example.com
User84,Last84,user84@example.com
User85,Last85,user85@example.com
User86,Last86,user86@example.com
User87,Last87,user87@example.com
User88,Last88,user88@example.com
User89,Last89,user89@example.com
User90,Last90,user90@example.com
User91,Last91,user91@example.com
User92,Last92,user92@example.com
User93,Last93,user93@example.com
User94,Last94,user94@example.com
User95,Last95,user95@example.com
User96,Last96,user96@example.com
User97,Last97,user97@example.com
User98,Last98,user98@example.com
User99,Last99,user99@example.com
User100,Last100,user100@example.com
User101,Last101,user101@example.com
User102,Last102,user102@example.com
User103,Last103,user103@example.com
User104,Last104,user104@example.com
User105,Last105,user105@example.com
User106,Last106,user106@example.com
User107,Last107,user107@example.com
User108,Last108,user108@example.com
User109,Last109,user109@example.com
User110,Last110,user110@example.com
User111,Last111,user111@example.com
User112,Last112,user112@example.com
User113,Last113,user113@example.com
User114,Last114,user114@example.com
User115,Last115,user115@example.com
User116,Last116,user116@example.com
User117,Last117,user117@example.com
User118,Last118,user118@example.com
User119,Last119,user119@example.com
User120,Last120,user120@example.com
User121,Last121,user121@example.com
User122,Last122,user122@example.com
User123,Last123,user123@example.com
User124,Last124,user124@example.com
User125,Last125,user125@example.com
User126,Last126,user126@example.com
User127,Last127,user127@example.com
User128,Last128,user128@example.com
User129,Last129,user129@example.com
User130,Last130,user130@example.com
User131,Last131,user131@example.com
User132,Last132,user132@example.com
User133,Last133,user133@example.com
User134,Last134,user134@example.com
User135,Last135,user135@example.com
User136,Last136,user136@example.com
User137,Last137,user137@example.com
User138,Last138,user138@example.com
User139,Last139,user139@example.com
User140,Last140,user140@example.com
User141,Last141,user141@example.com
User142,Last142,user142@example.com
User143,Last143,user143@example.com
User144,Last144,user144@example.com
User145,Last145,user145@example.com
User146,Last146,user146@example.com
User147,Last147,user147@example.com
User148,Last148,user148@example.com
User149,Last149,user149@example.com
User150,Last150,user150@example.com
User151,Last151,user151@example.com
User152,Last152,user152@example.com
User153,Last153,user153@example.com
User154,Last154,user154@example.com
User155,Last155,user155@example.com
User156,Last156,user156@example.com
User157,Last157,user157@example.com
User158,Last158,user158@example.com
User159,Last159,user159@example.com
User160,Last160,user160@example.com
User161,Last161,user161@example.com
User162,Last162,user162@example.com
User163,Last163,user163@example.com
User164,Last164,user164@example.com
User165,Last165,user165@example.com
User166,Last166,user166@example.com
User167,Last167,user167@example.com
User168,Last168,user168@example.com
User169,Last169,user169@example.com
User170,Last170,user170@example.com
User171,Last171,user171@example.com
User172,Last172,user172@example.com
User173,Last173,user173@example.com
User174,Last174,user174@example.com
User175,Last175,user175@example.com
User176,Last176,user176@example.com
User177,Last177,user177@example.com
User178,Last178,user178@example.com
User179,Last179,user179@example.com
User180,Last180,user180@example.com
User181,Last181,user181@example.com
User182,Last182,user182@example.com
User183,Last183,user183@example.com
User184,Last184,user184@example.com
User185,Last185,user185@example.com
User186,Last186,user186@example.com
User187,Last187,user187@example.com
User188,Last188,user188@example.com
User189,Last189,user189@example.com
User190,Last190,user190@example.com
User191,Last191,user191@example.com
User192,Last192,user192@example.com
User193,Last193,user193@example.com
User194,Last194,user194@example.com
User195,Last195,user195@example.com
User196,Last196,user196@example.com
User197,Last197,user197@example.com
User198,Last198,user198@example.com
User199,Last199,user199@example.com
User200,Last200,user200@example.com
User201,Last201,user201@example.com
User202,Last202,user202@example.com
User203,Last203,user203@example.com
User204,Last204,user204@example.com
User205,Last205,user205@example.com
User206,Last206,user206@example.com
User207,Last207,user207@example.com
User208,Last208,user208@example.com
User209,Last209,user209@example.com
User210,Last210,user210@example.com
User211,Last211,user211@example.com
User212,Last212,user212@example.com
User213,Last213,user213@example.com
User214,Last214,user214@example.com
User215,Last215,user215@example.com
User216,Last216,user216@example.com
User217,Last217,user217@example.com
User218,Last218,user218@example.com
User219,Last219,user219@example.com
User220,Last220,user220@example.com
User221,Last221,user221@example.com
User222,Last222,user222@example.com
User223,Last223,user223@example.com
User224,Last224,user224@example.com
User225,Last225,user225@example.com
User226,Last226,user226@example.com
User227,Last227,user227@example.com
User228,Last228,user228@example.com
User229,Last229,user229@example.com
User230,Last230,user230@example.com
User231,Last231,user231@example.com
User232,Last232,user232@example.com
User233,Last233,user233@example.com
User234,Last234,user234@example.com
User235,Last235,user235@example.com
User236,Last236,user236@example.com
User237,Last237,user237@example.com
User238,Last238,user238@example.com
User239,Last239,user239@example.com
User240,Last240,user240@example.com
User241,Last241,user241@example.com
User242,Last242,user242@example.com
User243,Last243,user243@example.com
User244,Last244,user244@example.com
User245,Last245,user245@example.com
User246,Last246,user246@example.com
User247,Last247,user247@example.com
User248,Last248,user248@example.com
User249,Last249,user249@example.com
User250,Last250,user250@example.com
User251,Last251,user251@example.com
User252,Last252,user252@example.com
User253,Last253,user253@example.com
User254,Last254,user254@example.com
User255,Last255,user255@example.com
User256,Last256,user256@example.com
User257,Last257,user257@example.com
User258,Last258,user258@example.com
User259,Last259,user259@example.com
User260,Last260,user260@example.com
User261,Last261,user261@example.com
User262,Last262,user262@example.com
User263,Last263,user263@example.com
User264,Last264,user264@example.com
User265,Last265,user265@example.com
User266,Last266,user266@example.com
User267,Last267,user267@example.com
User268,Last268,user268@example.com
User269,Last269,user269@example.com
User270,Last270,user270@example.com
User271,Last271,user271@example.com
User272,Last272,user272@example.com
User273,Last273,user273@example.com
User274,Last274,user274@example.com
User275,Last275,user275@example.com
User276,Last276,user276@example.com
User277,Last277,user277@example.com
User278,Last278,user278@example.com
User279,Last279,user279@example.com
User280,Last280,user280@example.com
User281,Last281,user281@example.com
User282,Last282,user282@example.com
User283,Last283,user283@example.com
User284,Last284,user284@example.com
User285,Last285,user285@example.com
User286,Last286,user286@example.com
User287,Last287,user287@example.com
User288,Last288,user288@example.com
User289,Last289,user289@example.com
User290,Last290,user290@example.com
User291,Last291,user291@example.com
User292,Last292,user292@example.com
User293,Last293,user293@example.com
User294,Last294,user294@example.com
User295,Last295,user295@example.com
User296,Last296,user296@example.com
User297,Last297,user297@example.com
User298,Last298,user298@example.com
User299,Last299,user299@example.com
User300,Last300,user300@example.com
User301,Last301,user301@example.com
User302,Last302,user302@example.com
User303,Last303,user303@example.com
User304,Last304,user304@example.com
User305,Last305,user305@example.com
User306,Last306,user306@example.com
User307,Last307,user307@example.com
User308,Last308,user308@example.com
User309,Last309,user309@example.com
User310,Last310,user310@example.com
User311,Last311,user311@example.com
User312,Last312,user312@example.com
User313,Last313,user313@example.com
User314,Last314,user314@example.com
User315,Last315,user315@example.com
User316,Last316,user316@example.com
User317,Last317,user317@example.com
User318,Last318,user318@example.com
User319,Last319,user319@example.com
User320,Last320,user320@example.com
User321,Last321,user321@example.com
User322,Last322,user322@example.com
User323,Last323,user323@example.com
User324,Last324,user324@example.com
User325,Last325,user325@example.com
User326,Last326,user326@example.com
User327,Last327,user327@example.com
User328,Last328,user328@example.com
User329,Last329,user329@example.com
User330,Last330,user330@example.com
User331,Last331,user331@example.com
User332,Last332,user332@example.com
User333,Last333,user333@example.com
User334,Last334,user334@example.com
User335,Last335,user335@example.com
User336,Last336,user336@example.com
User337,Last337,user337@example.com
User338,Last338,user338@example.com
User339,Last339,user339@example.com
User340,Last340,user340@example.com
User341,Last341,user341@example.com
User342,Last342,user342@example.com
User343,Last343,user343@example.com
User344,Last344,user344@example.com
User345,Last345,user345@example.com
User346,Last346,user346@example.com
User347,Last347,user347@example.com
User348,Last348,user348@example.com
User349,Last349,user349@example.com
User350,Last350,user350@example.com
User351,Last351,user351@example.com
User352,Last352,user352@example.com
User353,Last353,user353@example.com
User354,Last354,user354@example.com
User355,Last355,user355@example.com
User356,Last356,user356@example.com
User357,Last357,user357@example.com
User358,Last358,user358@example.com
User359,Last359,user359@example.com
User360,Last360,user360@example.com
User361,Last361,user361@example.com
User362,Last362,user362@example.com
User363,Last363,user363@example.com
User364,Last364,user364@example.com
User365,Last365,user365@example.com
User366,Last366,user366@example.com
User367,Last367,user367@example.com
User368,Last368,user368@example.com
User369,Last369,user369@example.com
User370,Last370,user370@example.com
User371,Last371,user371@example.com
User372,Last372,user372@example.com
User373,Last373,user373@example.com
User374,Last374,user374@example.com
User375,Last375,user375@example.com
User376,Last376,user376@example.com
User377,Last377,user377@example.com
User378,Last378,user378@example.com
User379,Last379,user379@example.com
User380,Last380,user380@example.com
User381,Last381,user381@example.com
User382,Last382,user382@example.com
User383,Last383,user383@example.com
User384,Last384,user384@example.com
User385,Last385,user385@example.com
User386,Last386,user386@example.com
User387,Last387,user387@example.com
User388,Last388,user388@example.com
User389,Last389,user389@example.com
User390,Last390,user390@example.com
User391,Last391,user391@example.com
User392,Last392,user392@example.com
User393,Last393,user393@example.com
User394,Last394,user394@example.com
User395,Last395,user395@example.com
User396,Last396,user396@example.com
User397,Last397,user397@example.com
User398,Last398,user398@example.com
User399,Last399,user399@example.com
User400,Last400,user400@example.com
User401,Last401,user401@example.com
User402,Last402,user402@example.com
User403,Last403,user403@example.com
User404,Last404,user404@example.com
User405,Last405,user405@example.com
User406,Last406,user406@example.com
User407,Last407,user407@example.com
User408,Last408,user408@example.com
User409,Last409,user409@example.com
User410,Last410,user410@example.com
User411,Last411,user411@example.com
User412,Last412,user412@example.com
User413,Last413,user413@example.com
User414,Last414,user414@example.com
User415,Last415,user415@example.com
User416,Last416,user416@example.com
User417,Last417,user417@example.com
User418,Last418,user418@example.com
User419,Last419,user419@example.com
User420,Last420,user420@example.com
User421,Last421,user421@example.com
User422,Last422,user422@example.com
User423,Last423,user423@example.com
User424,Last424,user424@example.com
User425,Last425,user425@example.com
User426,Last426,user426@example.com
User427,Last427,user427@example.com
User428,Last428,user428@example.com
User429,Last429,user429@example.com
User430,Last430,user430@example.com
User431,Last431,user431@example.com
User432,Last432,user432@example.com
User433,Last433,user433@example.com
User434,Last434,user434@example.com
User435,Last435,user435@example.com
User436,Last436,user436@example.com
User437,Last437,user437@example.com
User438,Last438,user438@example.com
User439,Last439,user439@example.com
User440,Last440,user440@example.com
User441,Last441,user441@example.com
User442,Last442,user442@example.com
User443,Last443,user443@example.com
User444,Last444,user444@example.com
User445,Last445,user445@example.com
User446,Last446,user446@example.com
User447,Last447,user447@example.com
User448,Last448,user448@example.com
User449,Last449,user449@example.com
User450,Last450,user450@example.com
User451,Last451,user451@example.com
User452,Last452,user452@example.com
User453,Last453,user453@example.com
User454,Last454,user454@example.com
User455,Last455,user455@example.com
User456,Last456,user456@example.com
User457,Last457,user457@example.com
User458,Last458,user458@example.com
User459,Last459,user459@example.com
User460,Last460,user460@example.com
User461,Last461,user461@example.com
User462,Last462,user462@example.com
User463,Last463,user463@example.com
User464,Last464,user464@example.com
User465,Last465,user465@example.com
User466,Last466,user466@example.com
User467,Last467,user467@example.com
User468,Last468,user468@example.com
User469,Last469,user469@example.com
User470,Last470,user470@example.com
User471,Last471,user471@example.com
User472,Last472,user472@example.com
User473,Last473,user473@example.com
User474,Last474,user474@example.com
User475,Last475,user475@example.com
User476,Last476,user476@example.com
User477,Last477,user477@example.com
User478,Last478,user478@example.com
User479,Last479,user479@example.com
User480,Last480,user480@example.com
User481,Last481,user481@example.com
User482,Last482,user482@example.com
User483,Last483,user483@example.com
User484,Last484,user484@example.com
User485,Last485,user485@example.com
User486,Last486,user486@example.com
User487,Last487,user487@example.com
User488,Last488,user488@example.com
User489,Last489,user489@example.com
User490,Last490,user490@example.com
User491,Last491,user491@example.com
User492,Last492,user492@example.com
User493,Last493,user493@example.com
User494,Last494,user494@example.com
User495,Last495,user495@example.com
User496,Last496,user496@example.com
User497,Last497,user497@example.com
User498,Last498,user498@example.com
User499,Last499,user499@example.com
User500,Last500,user500@example.com
User501,Last501,user501@example.com
User502,Last502,user502@example.com
User503,Last503,user503@example.com
User504,Last504,user504@example.com
User505,Last505,user505@example.com
User506,Last506,user506@example.com
User507,Last507,user507@example.com
User508,Last508,user508@example.com
User509,Last509,user509@example.com
User510,Last510,user510@example.com
User511,Last511,user511@example.com
User512,Last512,user512@example.com
User513,Last513,user513@example.com
User514,Last514,user514@example.com
User515,Last515,user515@example.com
User516,Last516,user516@example.com
User517,Last517,user517@example.com
User518,Last518,user518@example.com
User519,Last519,user519@example.com
User520,Last520,user520@example.com
User521,Last521,user521@example.com
User522,Last522,user522@example.com
User523,Last523,user523@example.com
User524,Last524,user524@example.com
User525,Last525,user525@example.com
User526,Last526,user526@example.com
User527,Last527,user527@example.com
User528,Last528,user528@example.com
User529,Last529,user529@example.com
User530,Last530,user530@example.com
User531,Last531,user531@example.com
User532,Last532,user532@example.com
User533,Last533,user533@example.com
User534,Last534,user534@example.com
User535,Last535,user535@example.com
User536,Last536,user536@example.com
User537,Last537,user537@example.com
User538,Last538,user538@example.com
User539,Last539,user539@example.com
User540,Last540,user540@example.com
User541,Last541,user541@example.com
User542,Last542,user542@example.com
User543,Last543,user543@example.com
User544,Last544,user544@example.com
User545,Last545,user545@example.com
User546,Last546,user546@example.com
User547,Last547,user547@example.com
User548,Last548,user548@example.com
User549,Last549,user549@example.com
User550,Last550,user550@example.com
User551,Last551,user551@example.com
User552,Last552,user552@example.com
User553,Last553,user553@example.com
User554,Last554,user554@example.com
User555,Last555,user555@example.com
User556,Last556,user556@example.com
User557,Last557,user557@example.com
User558,Last558,user558@example.com
User559,Last559,user559@example.com
User560,Last560,user560@example.com
User561,Last561,user561@example.com
User562,Last562,user562@example.com
User563,Last563,user563@example.com
User564,Last564,user564@example.com
User565,Last565,user565@example.com
User566,Last566,user566@example.com
User567,Last567,user567@example.com
User568,Last568,user568@example.com
User569,Last569,user569@example.com
User570,Last570,user570@example.com
User571,Last571,user571@example.com
User572,Last572,user572@example.com
User573,Last573,user573@example.com
User574,Last574,user574@example.com
User575,Last575,user575@example.com
User576,Last576,user576@example.com
User577,Last577,user577@example.com
User578,Last578,user578@example.com
User579,Last579,user579@example.com
User580,Last580,user580@example.com
User581,Last581,user581@example.com
User582,Last582,user582@example.com
User583,Last583,user583@example.com
User584,Last584,user584@example.com
User585,Last585,user585@example.com
User586,Last586,user586@example.com
User587,Last587,user587@example.com
User588,Last588,user588@example.com
User589,Last589,user589@example.com
User590,Last590,user590@example.com
User591,Last591,user591@example.com
User592,Last592,user592@example.com
User593,Last593,user593@example.com
User594,Last594,user594@example.com
User595,Last595,user595@example.com
User596,Last596,user596@example.com
User597,Last597,user597@example.com
User598,Last598,user598@example.com
User599,Last599,user599@example.com
User600,Last600,user600@example.com
User601,Last601,user601@example.com
User602,Last602,user602@example.com
User603,Last603,user603@example.com
User604,Last604,user604@example.com
User605,Last605,user605@example.com
User606,Last606,user606@example.com
User607,Last607,user607@example.com
User608,Last608,user608@example.com
User609,Last609,user609@example.com
User610,Last610,user610@example.com
User611,Last611,user611@example.com
User612,Last612,user612@example.com
User613,Last613,user613@example.com
User614,Last614,user614@example.com
User615,Last615,user615@example.com
User616,Last616,user616@example.com
User617,Last617,user617@example.com
User618,Last618,user618@example.com
User619,Last619,user619@example.com
User620,Last620,user620@example.com
User621,Last621,user621@example.com
User622,Last622,user622@example.com
User623,Last623,user623@example.com
User624,Last624,user624@example.com
User625,Last625,user625@example.com
User626,Last626,user626@example.com
User627,Last627,user627@example.com
User628,Last628,user628@example.com
User629,Last629,user629@example.com
User630,Last630,user630@example.com
User631,Last631,user631@example.com
User632,Last632,user632@example.com
User633,Last633,user633@example.com
User634,Last634,user634@example.com
User635,Last635,user635@example.com
User636,Last636,user636@example.com
User637,Last637,user637@example.com
User638,Last638,user638@example.com
User639,Last639,user639@example.com
User640,Last640,user640@example.com
User641,Last641,user641@example.com
User642,Last642,user642@example.com
User643,Last643,user643@example.com
User644,Last644,user644@example.com
User645,Last645,user645@example.com
User646,Last646,user646@example.com
User647,Last647,user647@example.com
User648,Last648,user648@example.com
User649,Last649,user649@example.com
User650,Last650,user650@example.com
User651,Last651,user651@example.com
User652,Last652,user652@example.com
User653,Last653,user653@example.com
User654,Last654,user654@example.com
User655,Last655,user655@example.com
User656,Last656,user656@example.com
User657,Last657,user657@example.com
User658,Last658,user658@example.com
User659,Last659,user659@example.com
User660,Last660,user660@example.com
User661,Last661,user661@example.com
User662,Last662,user662@example.com
User663,Last663,user663@example.com
User664,Last664,user664@example.com
User665,Last665,user665@example.com
User666,Last666,user666@example.com
User667,Last667,user667@example.com
User668,Last668,user668@example.com
User669,Last669,user669@example.com
User670,Last670,user670@example.com
User671,Last671,user671@example.com
User672,Last672,user672@example.com
User673,Last673,user673@example.com
User674,Last674,user674@example.com
User675,Last675,user675@example.com
User676,Last676,user676@example.com
User677,Last677,user677@example.com
User678,Last678,user678@example.com
User679,Last679,user679@example.com
User680,Last680,user680@example.com
User681,Last681,user681@example.com
User682,Last682,user682@example.com
User683,Last683,user683@example.com
User684,Last684,user684@example.com
User685,Last685,user685@example.com
User686,Last686,user686@example.com
User687,Last687,user687@example.com
User688,Last688,user688@example.com
User689,Last689,user689@example.com
User690,Last690,user690@example.com
User691,Last691,user691@example.com
User692,Last692,user692@example.com
User693,Last693,user693@example.com
User694,Last694,user694@example.com
User695,Last695,user695@example.com
User696,Last696,user696@example.com
User697,Last697,user697@example.com
User698,Last698,user698@example.com
User699,Last699,user699@example.com
User700,Last700,user700@example.com
User701,Last701,user701@example.com
User702,Last702,user702@example.com
User703,Last703,user703@example.com
User704,Last704,user704@example.com
User705,Last705,user705@example.com
User706,Last706,user706@example.com
User707,Last707,user707@example.com
User708,Last708,user708@example.com
User709,Last709,user709@example.com
User710,Last710,user710@example.com
User711,Last711,user711@example.com
User712,Last712,user712@example.com
User713,Last713,user713@example.com
User714,Last714,user714@example.com
User715,Last715,user715@example.com
User716,Last716,user716@example.com
User717,Last717,user717@example.com
User718,Last718,user718@example.com
User719,Last719,user719@example.com
User720,Last720,user720@example.com
User721,Last721,user721@example.com
User722,Last722,user722@example.com
User723,Last723,user723@example.com
User724,Last724,user724@example.com
User725,Last725,user725@example.com
User726,Last726,user726@example.com
User727,Last727,user727@example.com
User728,Last728,user728@example.com
User729,Last729,user729@example.com
User730,Last730,user730@example.com
User731,Last731,user731@example.com
User732,Last732,user732@example.com
User733,Last733,user733@example.com
User734,Last734,user734@example.com
User735,Last735,user735@example.com
User736,Last736,user736@example.com
User737,Last737,user737@example.com
User738,Last738,user738@example.com
User739,Last739,user739@example.com
User740,Last740,user740@example.com
User741,Last741,user741@example.com
User742,Last742,user742@example.com
User743,Last743,user743@example.com
User744,Last744,user744@example.com
User745,Last745,user745@example.com
User746,Last746,user746@example.com
User747,Last747,user747@example.com
User748,Last748,user748@example.com
User749,Last749,user749@example.com
User750,Last750,user750@example.com
User751,Last751,user751@example.com
User752,Last752,user752@example.com
User753,Last753,user753@example.com
User754,Last754,user754@example.com
User755,Last755,user755@example.com
User756,Last756,user756@example.com
User757,Last757,user757@example.com
User758,Last758,user758@example.com
User759,Last759,user759@example.com
User760,Last760,user760@example.com
User761,Last761,user761@example.com
User762,Last762,user762@example.com
User763,Last763,user763@example.com
User764,Last764,user764@example.com
User765,Last765,user765@example.com
User766,Last766,user766@example.com
User767,Last767,user767@example.com
User768,Last768,user768@example.com
User769,Last769,user769@example.com
User770,Last770,user770@example.com
User771,Last771,user771@example.com
User772,Last772,user772@example.com
User773,Last773,user773@example.com
User774,Last774,user774@example.com
User775,Last775,user775@example.com
User776,Last776,user776@example.com
User777,Last777,user777@example.com
User778,Last778,user778@example.com
User779,Last779,user779@example.com
User780,Last780,user780@example.com
User781,Last781,user781@example.com
User782,Last782,user782@example.com
User783,Last783,user783@example.com
User784,Last784,user784@example.com
User785,Last785,user785@example.com
User786,Last786,user786@example.com
User787,Last787,user787@example.com
User788,Last788,user788@example.com
User789,Last789,user789@example.com
User790,Last790,user790@example.com
User791,Last791,user791@example.com
User792,Last792,user792@example.com
User793,Last793,user793@example.com
User794,Last794,user794@example.com
User795,Last795,user795@example.com
User796,Last796,user796@example.com
User797,Last797,user797@example.com
User798,Last798,user798@example.com
User799,Last799,user799@example.com
User800,Last800,user800@example.com
User801,Last801,user801@example.com
User802,Last802,user802@example.com
User803,Last803,user803@example.com
User804,Last804,user804@example.com
User805,Last805,user805@example.com
User806,Last806,user806@example.com
User807,Last807,user807@example.com
User808,Last808,user808@example.com
User809,Last809,user809@example.com
User810,Last810,user810@example.com
User811,Last811,user811@example.com
User812,Last812,user812@example.com
User813,Last813,user813@example.com
User814,Last814,user814@example.com
User815,Last815,user815@example.com
User816,Last816,user816@example.com
User817,Last817,user817@example.com
User818,Last818,user818@example.com
User819,Last819,user819@example.com
User820,Last820,user820@example.com
User821,Last821,user821@example.com
User822,Last822,user822@example.com
User823,Last823,user823@example.com
User824,Last824,user824@example.com
User825,Last825,user825@example.com
User826,Last826,user826@example.com
User827,Last827,user827@example.com
User828,Last828,user828@example.com
User829,Last829,user829@example.com
User830,Last830,user830@example.com
User831,Last831,user831@example.com
User832,Last832,user832@example.com
User833,Last833,user833@example.com
User834,Last834,user834@example.com
User835,Last835,user835@example.com
User836,Last836,user836@example.com
User837,Last837,user837@example.com
User838,Last838,user838@example.com
User839,Last839,user839@example.com
User840,Last840,user840@example.com
User841,Last841,user841@example.com
User842,Last842,user842@example.com
User843,Last843,user843@example.com
User844,Last844,user844@example.com
User845,Last845,user845@example.com
User846,Last846,user846@example.com
User847,Last847,user847@example.com
User848,Last848,user848@example.com
User849,Last849,user849@example.com
User850,Last850,user850@example.com
User851,Last851,user851@example.com
User852,Last852,user852@example.com
User853,Last853,user853@example.com
User854,Last854,user854@example.com
User855,Last855,user855@example.com
User856,Last856,user856@example.com
User857,Last857,user857@example.com
User858,Last858,user858@example.com
User859,Last859,user859@example.com
User860,Last860,user860@example.com
User861,Last861,user861@example.com
User862,Last862,user862@example.com
User863,Last863,user863@example.com
User864,Last864,user864@example.com
User865,Last865,user865@example.com
User866,Last866,user866@example.com
User867,Last867,user867@example.com
User868,Last868,user868@example.com
User869,Last869,user869@example.com
User870,Last870,user870@example.com
User871,Last871,user871@example.com
User872,Last872,user872@example.com
User873,Last873,user873@example.com
User874,Last874,user874@example.com
User875,Last875,user875@example.com
User876,Last876,user876@example.com
User877,Last877,user877@example.com
User878,Last878,user878@example.com
User879,Last879,user879@example.com
User880,Last880,user880@example.com
User881,Last881,user881@example.com
User882,Last882,user882@example.com
User883,Last883,user883@example.com
User884,Last884,user884@example.com
User885,Last885,user885@example.com
User886,Last886,user886@example.com
User887,Last887,user887@example.com
User888,Last888,user888@example.com
User889,Last889,user889@example.com
User890,Last890,user890@example.com
User891,Last891,user891@example.com
User892,Last892,user892@example.com
User893,Last893,user893@example.com
User894,Last894,user894@example.com
User895,Last895,user895@example.com
User896,Last896,user896@example.com
User897,Last897,user897@example.com
User898,Last898,user898@example.com
User899,Last899,user899@example.com
User900,Last900,user900@example.com
User901,Last901,user901@example.com
User902,Last902,user902@example.com
User903,Last903,user903@example.com
User904,Last904,user904@example.com
User905,Last905,user905@example.com
User906,Last906,user906@example.com
User907,Last907,user907@example.com
User908,Last908,user908@example.com
User909,Last909,user909@example.com
User910,Last910,user910@example.com
User911,Last911,user911@example.com
User912,Last912,user912@example.com
User913,Last913,user913@example.com
User914,Last914,user914@example.com
User915,Last915,user915@example.com
User916,Last916,user916@example.com
User917,Last917,user917@example.com
User918,Last918,user918@example.com
User919,Last919,user919@example.com
User920,Last920,user920@example.com
User921,Last921,user921@example.com
User922,Last922,user922@example.com
User923,Last923,user923@example.com
User924,Last924,user924@example.com
User925,Last925,user925@example.com
User926,Last926,user926@example.com
User927,Last927,user927@example.com
User928,Last928,user928@example.com
User929,Last929,user929@example.com
User930,Last930,user930@example.com
User931,Last931,user931@example.com
User932,Last932,user932@example.com
User933,Last933,user933@example.com
User934,Last934,user934@example.com
User935,Last935,user935@example.com
User936,Last936,user936@example.com
User937,Last937,user937@example.com
User938,Last938,user938@example.com
User939,Last939,user939@example.com
User940,Last940,user940@example.com
User941,Last941,user941@example.com
User942,Last942,user942@example.com
User943,Last943,user943@example.com
User944,Last944,user944@example.com
User945,Last945,user945@example.com
User946,Last946,user946@example.com
User947,Last947,user947@example.com
User948,Last948,user948@example.com
User949,Last949,user949@example.com
User950,Last950,user950@example.com
User951,Last951,user951@example.com
User952,Last952,user952@example.com
User953,Last953,user953@example.com
User954,Last954,user954@example.com
User955,Last955,user955@example.com
User956,Last956,user956@example.com
User957,Last957,user957@example.com
User958,Last958,user958@example.com
User959,Last959,user959@example.com
User960,Last960,user960@example.com
User961,Last961,user961@example.com
User962,Last962,user962@example.com
User963,Last963,user963@example.com
User964,Last964,user964@example.com
User965,Last965,user965@example.com
User966,Last966,user966@example.com
User967,Last967,user967@example.com
User968,Last968,user968@example.com
User969,Last969,user969@example.com
User970,Last970,user970@example.com
User971,Last971,user971@example.com
User972,Last972,user972@example.com
User973,Last973,user973@example.com
User974,Last974,user974@example.com
User975,Last975,user975@example.com
User976,Last976,user976@example.com
User977,Last977,user977@example.com
User978,Last978,user978@example.com
User979,Last979,user979@example.com
User980,Last980,user980@example.com
User981,Last981,user981@example.com
User982,Last982,user982@example.com
User983,Last983,user983@example.com
User984,Last984,user984@example.com
User985,Last985,user985@example.com
User986,Last986,user986@example.com
User987,Last987,user987@example.com
User988,Last988,user988@example.com
User989,Last989,user989@example.com
User990,Last990,user990@example.com
User991,Last991,user991@example.com
User992,Last992,user992@example.com
User993,Last993,user993@example.com
User994,Last994,user994@example.com
User995,Last995,user995@example.com
User996,Last996,user996@example.com
User997,Last997,user997@example.com
User998,Last998,user998@example.com
User999,Last999,user999@example.com
User1000,Last1000,user1000@example.com
